S.NO,NAME,ADDRESS,PAN NUMBER,PHONE NUMBER,AADHAR NUMBER,ACCOUNT NUMBER,PIN NUMBER,ANNUAL INCOME,DATE OF BIRTH,AGE,TAX AMOUNT
1,Aria Lopez,"1. 491, Periyar Street, Madurai - 631027",BGMOR0690E,8304197537,1. 473537064962,ACC3552,1017,1000000    ,12/4/1945,78,200000    
2,Mason Hughes,"2. 321, Anna Nagar, Tirunelveli - 628530",TMYTF0024H,7033841106,2. 880393350152,ACC5716,5565,800000    ,2/26/1946,78,160000    
3,Isabella Bennett,"3. 795, Kamarajar Road, Tiruchirapalli - 604839",WKECS2454I,1321302535,3. 979990871053,ACC4336,7712,500000    ,11/6/1946,77,25000    
4,Ethan Turner,"4. 341, Krishna Puram, Erode - 618040",LLNFC5855O,7928589935,4. 663620835858,ACC6262,3829,1000000    ,11/10/1946,73,200000    
5,Olivia Brooks,"5. 523, Kamarajar Road, Chennai - 631295",NXIKQ9510A,9199822790,5. 929042040854,ACC7353,9884,1200000    ,1/30/1949,73,240000    
6,Liam Foster,"6. 322, Arignar Anna Salai, Erode - 623328",FJUYB8167G,7023251117,6. 487494625815,ACC8710,8638,2300000    ,10/5/1950,72,690000    
7,Ava Jenkins,"7. 197, Gandhi Road, Tirunelveli - 613321",CUKLJ7758N,6975086930,7. 723747009571,ACC8248,9078,3200000    ,12/22/1950,71,1050000    
8,Noah Ward,"8. 596, Periyar Street, Vellore - 604641",QYSFO9182Q,3147865374,8. 440108195369,ACC7100,4170,4200000    ,11/27/1951,71,1260000    
9,Sophia Thompson,"9. 310, Arignar Anna Salai, Erode - 650912",NLJPL6833E,7422637916,9. 481502538796,ACC8003,4954,2500000    ,1/1/1952,71,750000    
10,Jackson Evans,"10. 381, Giri Street, Vellore - 648299",TZIZL6133G,4893848428,10. 200227496496,ACC7276,4462,3200000    ,1/27/1952,70,1050000    
11,Amelia Russell,"11. 657, Krishna Puram, Thoothukudi - 691597",JHEKM3712Z,7509546977,11. 163472546357,ACC2806,4382,5400000    ,3/4/1952,68,1620000    
12,Lucas Diaz,"12. 246, Rajaji Salai, Coimbatore - 692127",FMGEC3978L,9996802290,12. 805047957071,ACC9113,3405,5400000    ,9/16/1954,68,1620000    
13,Harper Perry,"13. 243, Kamarajar Road, Tiruchirapalli - 604335",CHTHV6022M,1654461344,13. 256263820881,ACC7830,4366,1900000    ,11/8/1954,68,570000    
14,Benjamin Coleman,"14. 227, Bharathi Street, Thoothukudi - 699329",KBRDL8405Z,2675737216,14. 624158954069,ACC1848,8786,8300000    ,6/27/1955,67,2490000    
15,Evelyn Bailey,"15. 155, Kamarajar Road, Tirunelveli - 629674",BKWCZ0375P,7897692612,15. 632944013399,ACC8994,3324,4200000    ,11/4/1955,66,1260000    
16,Oliver Harrison,"16. 467, Nehru Nagar, Coimbatore - 684726",LTDHI9381K,7237503803,16. 632077174878,ACC1564,1614,6400000    ,5/7/1956,66,192000    
17,Mia Richardson,"17. 577, Krishna Puram, Vellore - 638861",EOHOE2705X,1944892584,17. 709620672105,ACC2727,2926,5200000    ,6/22/1956,65,1560000    
18,Carter Barnes,"18. 640, Anna Nagar, Vellore - 602046",XMZCJ9123L,6192085889,18. 184162667118,ACC5228,9638,3100000    ,3/9/1957,65,930000    
19,Abigail Murphy,"19. 343, Bharathi Street, Vellore - 633733",HIWUH2211M,7877657118,19. 223642368111,ACC6296,6722,5200000    ,12/15/1957,65,1560000    
20,Logan Fisher,"20. 963, Nehru Nagar, Coimbatore - 698450",WUMKS2672I,3698648019,20. 103033422960,ACC3962,3881,7100000    ,5/12/1958,64,2130000    
21,Scarlett Hayes,"21. 568, Periyar Street, Vellore - 650794",ESHYV5522O,6528979689,21. 464324832368,ACC5677,9799,8300000    ,8/25/1958,63,2490000    
22,Samuel Price,"22. 121, Giri Street, Thoothukudi - 676578",YMXLD5222K,6413571188,22. 880555770495,ACC1491,8019,5200000    ,6/13/1960,62,1560000    
23,Lily Anderson,"23. 748, Nehru Nagar, Chennai - 688185",KFXIN7995O,6001192832,23. 584858960511,ACC8602,5647,3200000    ,8/23/1961,62,1050000    
24,Manoj kumar,"24. 119, Bharathi Street, Tiruchirapalli - 650647",ZRIHX0698U,9865378982,24. 637034632322,ACC1363,8821,7500000    ,3/27/1962,60,2250000    
25,Chloe Wallace,"25. 824, Arignar Anna Salai, Vellore - 616799",WATBL8972I,6128803927,25. 971919520391,ACC3319,1099,1000000    ,9/23/1962,59,200000    
26,Alexander Powell,"26. 951, Anna Nagar, Salem - 662116",PQKDY8554W,8337659928,26. 414210345607,ACC3157,5015,1000000    ,5/16/1963,59,160000    
27,Grace Long,"27. 837, Nehru Nagar, Vellore - 690519",ZKENV4011F,1467774733,27. 231279467655,ACC1986,9705,500000    ,7/14/1963,55,25000    
28,Henry Taylor,"28. 129, Periyar Street, Tiruppur - 678235",NBFOI2862D,7101657304,28. 902009848970,ACC8280,3496,1000000    ,12/18/1965,53,200000    
29,Ellie Cooper,"29. 320, Gandhi Road, Madurai - 661961",FOVCL2903Y,3716407932,29. 862298904725,ACC4395,8198,1200000    ,3/13/1966,53,240000    
30,Sebastian Wright,"30. 416, Periyar Street, Vellore - 669427",TYIGA2322I,6912962139,30. 579792965275,ACC3366,5894,2300000    ,9/6/1966,52,690000    
31,Zoey Morris,"31. 270, Bharathi Street, Tiruchirapalli - 650257",LLTIF4693K,4679676635,31. 240358043301,ACC2131,1352,3200000    ,4/2/1968,52,1050000    
32,Caleb Hall,"32. 460, Anna Nagar, Tiruchirapalli - 604597",ZRMKQ6299P,3242419348,32. 985912315049,ACC6354,4068,4200000    ,4/19/1970,51,1260000    
33,Emma Wood,"33. 479, Rajaji Salai, Vellore - 609070",JTYPC5687P,5293258359,33. 148497330350,ACC1799,8652,2500000    ,4/20/1970,51,750000    
34,Wyatt Foster,"34. 421, Giri Street, Vellore - 671073",XEKWZ8707U,3451594946,34. 515744870066,ACC6109,5079,3200000    ,3/17/1972,51,1050000    
35,Penelope Clark,"35. 900, Periyar Street, Salem - 634077",SLARR6190J,9812123504,35. 237553560257,ACC7565,2964,5400000    ,9/2/1972,51,1620000    
367,Gabriel Mitchell,"36. 698, Periyar Street, Tiruchirapalli - 653503",RNXHO6719E,2664796820,36. 838153801930,ACC4307,5362,5400000    ,9/9/1972,49,1620000    
37,Addison Turner,"37. 199, Periyar Street, Thoothukudi - 647759",SFWQK4465M,5322875563,37. 486812543182,ACC5552,9440,1900000    ,9/30/1973,49,570000    
38,Julian Morgan,"38. 458, Gandhi Road, Tirunelveli - 657688",UARZS8364M,7755863705,38. 126251247824,ACC2381,8420,8300000    ,7/15/1974,49,2490000    
39,Natalie Butler,"39. 923, Gandhi Road, Erode - 614809",VWAPP9009D,9351709727,39. 629180550358,ACC7304,2481,4200000    ,6/27/1975,49,1260000    
40,Leo Martinez,"40. 691, Kamarajar Road, Madurai - 674200",TAIJA3159C,7026674770,40. 411974342871,ACC5770,6847,6400000    ,10/16/1976,48,192000    
41,Stella Simmons,"41. 84, Arignar Anna Salai, Salem - 670804",UIOHY4498I,1625126559,41. 556954785496,ACC8886,7414,5200000    ,7/13/1981,48,1560000    
42,Owen Bennett,"42. 634, Nehru Nagar, Vellore - 658044",JNPLB4515G,3741674456,42. 826187692768,ACC1307,5045,3100000    ,11/29/1981,47,930000    
43,Layla Martinez,"43. 987, Rajaji Salai, Thoothukudi - 637116",ABDXW7804R,6051931771,43. 153083687655,ACC7042,9861,5200000    ,10/28/1982,46,1560000    
44,Elijah Reed,"44. 578, Kamarajar Road, Tiruppur - 664984",HVYQH4987C,7542141409,44. 140409694443,ACC7674,7533,7100000    ,5/26/1984,45,2130000    
45,Riley Collins,"45. 397, Rajaji Salai, Vellore - 662880",OOUTU9793L,3233389279,45. 218719062765,ACC9407,3845,8300000    ,7/1/1984,43,2490000    
46,Aubrey Ramirez,"46. 357, Periyar Street, Madurai - 625869",DGMWF8072W,6809976155,46. 141570599666,ACC9717,2645,5200000    ,2/8/1985,43,1560000    
47,Connor Parker,"47. 600, Krishna Puram, Chennai - 638272",IJJVO2915C,6263435562,47. 431140905729,ACC7249,9255,3200000    ,9/18/1985,43,1050000    
48,Savannah Ward,"48. 997, Periyar Street, Erode - 638528",EEDZQ1659S,8593815012,48. 731932672769,ACC4359,5813,7500000    ,4/9/1986,42,2250000    
49,Suriya,"49. 607, Giri Street, Vellore - 612651",PHSIZ0566E,8754002939,49. 920212180752,ACC7411,6123,1000000    ,7/21/1986,42,200000    
50,Madelyn Rivera,"50. 67, Giri Street, Chennai - 682293",QHRET6318S,2233534681,50. 646198138640,ACC6037,9288,1000000    ,6/22/1988,41,200000    
51,Isaac Hughes,"51. 296, Periyar Street, Coimbatore - 691706",YJUZG8736S,8779253615,51. 494497480980,ACC8268,2383,500000    ,8/4/1989,40,160000    
52,Peyton Perry,"52. 346, Giri Street, Tiruppur - 606998",XJOSM0454Q,2274872291,52. 913051856666,ACC5829,2684,1000000    ,6/13/1990,39,200000    
53,Clara Simmons,"53. 341, Periyar Street, Tiruchirapalli - 622272",KWPHM0642E,6495593296,53. 880921860386,ACC6715,1428,1200000    ,10/10/1990,39,240000    
54,David Powell,"54. 34, Arignar Anna Salai, Salem - 608348",IRUFJ6163E,2463713287,54. 411916321065,ACC3198,5725,2300000    ,2/3/1991,39,690000    
55,Lillian Hayes,"55. 182, Rajaji Salai, Vellore - 642286",WVHDU6021L,1007136310,55. 498119505705,ACC8334,8028,3200000    ,4/1/1992,39,1050000    
56,Christopher Nelson,"56. 690, Bharathi Street, Madurai - 674297",FBDVG8379P,4719996038,56. 314239646507,ACC8405,5346,4200000    ,8/4/1992,39,1260000    
57,Nora Brooks,"57. 676, Gandhi Road, Chennai - 649459",JDRIO2643N,6522358744,57. 611309329194,ACC3003,4259,2500000    ,4/19/1993,36,750000    
58,Dominic King,"58. 620, Arignar Anna Salai, Chennai - 684998",ESBCA7472E,8145326574,58. 810860748598,ACC7808,2287,3200000    ,4/28/1995,34,1050000    
59,Zoey Turner,"59. 325, Periyar Street, Coimbatore - 652334",THPDV8703C,1878498962,59. 243584291639,ACC8081,6331,5400000    ,9/23/1995,34,1620000    
60,Jack Parker,"60. 570, Nehru Nagar, Chennai - 682614",COFRY4590I,6654006925,60. 855117224760,ACC6209,5017,5400000    ,12/22/1995,34,1620000    
61,Aaliyah Reed,"61. 222, Kamarajar Road, Vellore - 647313",AKTKN6195S,3341691514,61. 955570706744,ACC6492,2636,1900000    ,3/13/1996,33,570000    
62,Josiah Mitchell,"62. 943, Giri Street, Tiruchirapalli - 613866",VTBOA8273H,3767554598,62. 386198515513,ACC8298,9156,8300000    ,4/22/1996,33,2490000    
63,Victoria Morris,"63. 694, Nehru Nagar, Tiruppur - 637793",EBHSR7287N,8399965315,63. 464310820665,ACC4720,2120,4200000    ,5/29/1996,33,1260000    
64,Andrew Hayes,"64. 594, Arignar Anna Salai, Madurai - 660545",FJMTR7744P,8187992169,64. 333110181688,ACC4889,4247,6400000    ,8/5/1996,33,192000    
65,Mia Mitchell,"65. 93, Anna Nagar, Madurai - 696344",WEIJR4511E,5486298397,65. 121898529597,ACC4057,4982,5200000    ,10/3/1996,33,1560000    
66,Julian Bryant,"66. 626, Bharathi Street, Tiruppur - 617047",QIHBE6749M,8842283103,66. 471851158339,ACC8780,5940,3100000    ,10/26/1997,32,930000    
67,Camila Evans,"67. 996, Gandhi Road, Thoothukudi - 614959",EPJJQ5171S,3177719179,67. 551646234436,ACC9569,8089,5200000    ,10/28/1997,32,1560000    
68,Gavin Hughes,"68. 393, Rajaji Salai, Erode - 601593",DVAUR1700V,7968382876,68. 890896674119,ACC3789,4026,7100000    ,11/20/1997,31,2130000    
69,Leah Wright,"69. 759, Bharathi Street, Thoothukudi - 682606",XGIBL6184N,5057588517,69. 582758910807,ACC1066,5156,8300000    ,5/8/1999,31,2490000    
70,Wyatt Mitchell,"70. 733, Gandhi Road, Thoothukudi - 649974",GBVEJ9542Q,4625337735,70. 360131537249,ACC1370,4029,5200000    ,8/20/1999,30,1560000    
71,Penelope Foster,"71. 862, Arignar Anna Salai, Vellore - 698489",CPNDU4755S,9753382654,71. 811761368424,ACC5614,2093,3200000    ,9/16/1999,30,1050000    
72,Mason Turner,"72. 68, Periyar Street, Coimbatore - 660992",YDFPZ1719L,7986495371,72. 639888453481,ACC4256,5823,7500000    ,9/22/1999,29,2250000    
73,Addison Ramirez,"73. 664, Arignar Anna Salai, Madurai - 673434",MTDHN9401I,8475709785,73. 220830612849,ACC4462,3471,1000000    ,5/17/2000,29,200000    
74,Samraksshan,"74. 535, Gandhi Road, Tiruppur - 618276",EUNZD6040K,9342569146,74. 313550611826,ACC7022,2366,900000    ,3/25/2001,29,180000    
75,Zoe Simmons,"75. 261, Nehru Nagar, Tiruppur - 677801",SNAFF8215D,3542964116,75. 780453423997,ACC6228,3075,500000    ,4/30/2002,28,25000    
76,Grayson Foster,"76. 820, Kamarajar Road, Madurai - 637464",CGQFQ6199I,3166524295,76. 829666092419,ACC1990,6850,1000000    ,11/26/2002,27,200000    
77,Brooklyn Reed,"77. 735, Gandhi Road, Chennai - 698964",YKBLA1146I,5789841887,77. 327824165266,ACC7601,4745,1200000    ,12/18/2003,27,240000    
78,Christian Simmons,"78. 481, Rajaji Salai, Thoothukudi - 650163",OXSOV4913L,4907108668,78. 823254849428,ACC8815,2559,2300000    ,5/18/2005,24,690000    
79,Scarlett Fisher,"79. 366, Gandhi Road, Salem - 649862",AXJPC6369W,1897047912,79. 721603278231,ACC2020,3637,3200000    ,8/30/2005,24,1050000    
80,Caleb Rodriguez,"80. 728, Krishna Puram, Erode - 611968",OPPZA8522D,3528629830,80. 273988202392,ACC7307,2322,4200000    ,3/4/2006,23,1260000    
81,Lily Bryant,"81. 199, Rajaji Salai, Thoothukudi - 630180",WGZTC2751K,9244237572,81. 236581993372,ACC4188,3250,2500000    ,11/22/2006,22,750000    
82,Samuel Wright,"82. 80, Kamarajar Road, Chennai - 614735",HHRSA4366J,3282422679,82. 466789355942,ACC5354,3917,3200000    ,11/23/2006,21,1050000    
83,Ellie Harrison,"83. 602, Giri Street, Chennai - 613432",RFSOZ6234G,6468465010,83. 358852307885,ACC2674,9983,5400000    ,3/27/2008,21,1620000    
84,Julian Simmons,"84. 356, Bharathi Street, Vellore - 679551",YJHDP0597O,9617549317,84. 561389365683,ACC6417,4526,5400000    ,3/28/2008,21,1620000    
85,Abigail Ward,"85. 213, Periyar Street, Tirunelveli - 602116",OSTHW6926Y,1728241964,85. 878150496696,ACC9954,4471,1900000    ,3/29/2008,21,570000    
86,Owen Parker,"86. 139, Kamarajar Road, Tiruchirapalli - 678889",JLNKU9060E,8014321916,86. 749409766847,ACC7988,2400,8300000    ,3/30/2008,21,2490000    
87,Elizabeth King,"87. 163, Giri Street, Chennai - 620651",ZNRHF1106J,2615641053,87. 149513627080,ACC3926,2548,4200000    ,3/31/2008,21,1260000    
88,Dylan Turner,"88. 547, Giri Street, Erode - 647789",WGQQW9339V,9804382160,88. 963313651144,ACC2284,5991,6400000    ,4/1/2008,21,192000    
89,Harper Bell,"89. 855, Arignar Anna Salai, Tiruchirapalli - 651011",KIBKH9967T,7233033504,89. 470019366348,ACC7517,7095,5200000    ,4/2/2008,21,1560000    
90,Gabriel Hayes,"90. 999, Anna Nagar, Thoothukudi - 616417",XZTPB3246R,1961998062,90. 571120681933,ACC2292,8823,3100000    ,4/3/2008,21,930000    
91,Sophia Wallace,"91. 927, Anna Nagar, Vellore - 639474",YZUCR2388C,7183701711,91. 663839266769,ACC9954,7355,5200000    ,4/4/2008,21,1560000    
92,Isaac Foster,"92. 789, Bharathi Street, Vellore - 662547",KPMCT3968U,3489038749,92. 684057320403,ACC6437,5576,7100000    ,4/5/2008,21,2130000    
93,Avery Rivera,"93. 253, Periyar Street, Tiruppur - 618801",YFAOG0154B,8913962307,93. 880985141720,ACC6721,2664,8300000    ,4/6/2008,21,2490000    
94,Daniel Carter,"94. 415, Gandhi Road, Tiruchirapalli - 689142",XUKUD8791V,2144008123,94. 800508300260,ACC7764,7310,5200000    ,4/7/2008,21,1560000    
95,Emma Brooks,"95. 670, Rajaji Salai, Erode - 675707",QAMHM0575H,9265164119,95. 548400245736,ACC1021,5819,3200000    ,4/8/2008,21,1050000    
96,Christopher Turner,"96. 71, Krishna Puram, Thoothukudi - 682354",ZTBBL0009V,5733552235,96. 431612956140,ACC5032,8162,7500000    ,4/9/2008,21,2250000    
97,Grace Hayes,"97. 96, Bharathi Street, Vellore - 648685",COMDV9968Y,8877566573,97. 884140107765,ACC6131,2219,1000000    ,4/10/2008,21,1050000    
98,Carter Turner,"98. 127, Nehru Nagar, Tiruchirapalli - 611525",MKAJV6553O,8814442674,98. 900114792439,ACC2887,9311,3500000    ,4/11/2008,21,1920000    
99,Muthuram,"99. 889, Nehru Nagar, Erode - 684880",PNTHP7368A,7825020910,99. 617400125950,ACC7300,2819,6400000    ,4/12/2008,21,540000    
100,Mason Ramirez,"100. 110, Nehru Nagar, Thoothukudi - 699661",ZLAWJ1190L,3842594527,100. 137735423999,ACC9002,4784,1800000    ,4/13/2008,21,420000    
